,fault,number,fault_clean
1,BNRA-BMFZ-MULT-Black_Mountain_fault-CFM3,1,Black_Mountain_fault
2,BNRA-NDVZ-MULT-Northern_Death_Valley_fault-CFM2,2,Northern_Death_Valley_fault
3,BNRA-SDVZ-MULT-Southern_Death_Valley_fault-vertical-CFM3,3,Southern_Death_Valley_fault-vertical
4,CRFA-BPPM-EAST-Big_Pine_fault-CFM4,4,Big_Pine_fault
5,CRFA-BPPM-LCKV-Lockwood_Valley_fault-CFM2,5,Lockwood_Valley_fault
6,CRFA-BPPM-PMTS-Pine_Mountain_fault-CFM2,6,Pine_Mountain_fault
7,CRFA-BPPM-WEST-Big_Pine_fault-CFM2,7,Big_Pine_fault
8,CRFA-CSBL-CSML-Casmalia_fault-CFM4,8,Casmalia_fault
9,CRFA-CSBL-LALM-Los_Alamos_fault-steep-CFM5,9,Los_Alamos_fault-steep
10,CRFA-CSBL-ORCT-Orcutt_blind_fault-CFM5,10,Orcutt_blind_fault
11,CRFA-CSBL-PEZN-Pezzoni_Casmalia_fault-truncated-CFM5,11,Pezzoni_Casmalia_fault-truncated
12,CRFA-CSBL-ZACA-Zaca_blind_fault-CFM5,12,Zaca_blind_fault
13,CRFA-LMPZ-EAST-Lompoc_blind_ramp-CFM5,13,Lompoc_blind_ramp
14,CRFA-LMPZ-WEST-Lompoc_blind_ramp-CFM5,14,Lompoc_blind_ramp
15,CRFA-LNHZ-MULT-Lions_Head_fault-CFM4,15,Lions_Head_fault
16,CRFA-LOSO-LSOS-Los_Osos_fault-CFM4,16,Los_Osos_fault
17,CRFA-LPNZ-MULT-La_Panza_fault-CFM4,17,La_Panza_fault
18,CRFA-NAFZ-MULT-Nacimiento_fault-south-CFM2,18,Nacimiento_fault-south
19,CRFA-OCNZ-SLCR-Oceanic_backthrust-CFM4,19,Oceanic_backthrust
20,CRFA-OCNZ-SLCR-Oceanic_fault-CFM4,20,Oceanic_fault
21,CRFA-REHZ-EHSN-East_Huasna_fault-CFM4,21,East_Huasna_fault
22,CRFA-REHZ-MULT-Rinconada_fault-CFM4,22,Rinconada_fault
23,CRFA-SCFZ-SCYM-South_Cuyama_fault-CFM3,23,South_Cuyama_fault
24,CRFA-SJMZ-MRLS-Morales_fault-CFM3,24,Morales_fault
25,CRFA-SLRS-MULT-San_Luis_Range_fault_system-CFM4,25,San_Luis_Range_fault_system
26,CRFA-SLRS-SHRL-Shoreline_fault-CFM4,26,Shoreline_fault
27,CRFA-SLRS-SLBS-San_Luis_Bay_fault-CFM4,27,San_Luis_Bay_fault
28,CRFA-SLRS-SYNV-Santa_Ynez_Valley_blind_fault-CFM5,28,Santa_Ynez_Valley_blind_fault
29,ETRA-BBFS-1992-Big_Bear_rupture-CFM2,29,Big_Bear_rupture
30,ETRA-BCFZ-MULT-Blue_Cut_fault-CFM2,30,Blue_Cut_fault
31,ETRA-CLHS-NCHS-Grass_Valley_fault-steep-CFM5,31,Grass_Valley_fault-steep
32,ETRA-CLHS-SBMT-Tunnel_Ridge-Arrastre_Canyon_fault-steep-CFM5,32,Tunnel_Ridge-Arrastre_Canyon_fault-steep
33,ETRA-CLHS-SCHS-Cleghorn_fault-steep-CFM5,33,Cleghorn_fault-steep
34,ETRA-LSBM-1992-Joshua_Tree_sequence-CFM5,34,Joshua_Tree_sequence
35,ETRA-LSBM-LGCS-Long_Canyon_fault-CFM5,35,Long_Canyon_fault
36,ETRA-LSBM-MULT-Burnt_Mountain-East_Wide_Canyon_fault-CFM5,36,Burnt_Mountain-East_Wide_Canyon_fault
37,ETRA-LSBM-MULT-Eureka_Peak-West_Deception_Canyon_fault-CFM5,37,Eureka_Peak-West_Deception_Canyon_fault
38,ETRA-NFTS-DTMT-Deep_detachment-CFM5,38,Deep_detachment
39,ETRA-NFTS-EAST-Eastern_North_Frontal_fault-vertical-CFM5,39,Eastern_North_Frontal_fault-vertical
40,ETRA-NFTS-EAST-North_Frontal_Thrust_fault-linked-CFM5,40,North_Frontal_Thrust_fault-linked
41,ETRA-NFTS-WEST-North_Frontal_Thrust_fault-lowdip-CFM5,41,North_Frontal_Thrust_fault-lowdip
42,ETRA-PMFZ-MRVS-Morongo_Valley_fault-CFM5,42,Morongo_Valley_fault
43,ETRA-PMFZ-MULT-Pinto_Mountain_fault-CFM5,43,Pinto_Mountain_fault
44,GRFS-GRFZ-EAST-Garlock_fault-CFM5,44,Garlock_fault
45,GRFS-GRFZ-EAST-Owl_Lake_fault-CFM5,45,Owl_Lake_fault
46,GRFS-GRFZ-WEST-Garlock_fault-CFM5,46,Garlock_fault
47,GVFA-KRCS-KRCN-Kern_Canyon_fault-CFM5,47,Kern_Canyon_fault
48,GVFA-KRCS-LISA-Lake_Isabella_lineament-CFM2,48,Lake_Isabella_lineament
49,GVFA-PLFZ-MULT-Pleito_fault-CFM2,49,Pleito_fault
50,GVFA-TDRS-COAL-Coalinga_blind_fault-CFM2,50,Coalinga_blind_fault
51,GVFA-TDRS-KTLM-Kettleman_Hills_blind_fault-North_Dome-CFM2,51,Kettleman_Hills_blind_fault-North_Dome
52,GVFA-TDRS-LSTH-Lost_Hills_blind_fault-CFM2,52,Lost_Hills_blind_fault
53,GVFA-WWFZ-EAST-Scodie_Lineament-CFM1,53,Scodie_Lineament
54,GVFA-WWFZ-MULT-White_Wolf_fault-CFM1,54,White_Wolf_fault
55,MJVA-BWFZ-MULT-Blackwater_fault-CFM1,55,Blackwater_fault
56,MJVA-CHFZ-MULT-Calico-Hidalgo_fault-CFM1,56,Calico-Hidalgo_fault
57,MJVA-CREC-CMPR-Camp_Rock_fault-CFM5,57,Camp_Rock_fault
58,MJVA-CREC-CPMT-Copper_Mountain_fault-CFM5,58,Copper_Mountain_fault
59,MJVA-CREC-EMRS-Emerson_fault-CFM5,59,Emerson_fault
60,MJVA-CREC-EMRS-Galway_Lake_fault-CFM2,60,Galway_Lake_fault
61,MJVA-CREC-EMRS-North_Emerson_fault-CFM3,61,North_Emerson_fault
62,MJVA-CRSF-CADY-Cady_fault-CFM1,62,Cady_fault
63,MJVA-CRSF-GNTM-McLean_Lake-Drinkwater_Lake_fault-CFM1,63,McLean_Lake-Drinkwater_Lake_fault
64,MJVA-CRSF-GNTM-Nelson_Lake_fault-CFM1,64,Nelson_Lake_fault
65,MJVA-CRSF-MANX-Manix_fault-CFM1,65,Manix_fault
66,MJVA-CRSF-TFMT-Coyote_Canyon_fault-CFM1,66,Coyote_Canyon_fault
67,MJVA-ECSZ-1992-Barstow_Trend-CFM5,67,Barstow_Trend
68,MJVA-ECSZ-1992-Landers_rupture_detailed_splays-CFM3,68,Landers_rupture_detailed_splays
69,MJVA-ECSZ-1999-Hector_Mine_rupture_dipping-CFM2,69,Hector_Mine_rupture_dipping
70,MJVA-GLPS-GLDS-Goldstone_Lake_fault-CFM1,70,Goldstone_Lake_fault
71,MJVA-GLPS-PRDS-Paradise_fault-CFM1,71,Paradise_fault
72,MJVA-HPFZ-MULT-Gravel_Hills-Harper_Lake_fault-CFM1,72,Gravel_Hills-Harper_Lake_fault
73,MJVA-HSLZ-MULT-Helendale-South_Lockhart_fault-CFM5,73,Helendale-South_Lockhart_fault
74,MJVA-HSLZ-SBMT-Pipes_Canyon_fault-CFM5,74,Pipes_Canyon_fault
75,MJVA-HSLZ-SBMT-Pipes_Canyon_fault-north-extension-CFM5,75,Pipes_Canyon_fault-north-extension
76,MJVA-HSLZ-SBMT-Southern_Helendale_fault-CFM5,76,Southern_Helendale_fault
77,MJVA-JVFZ-MULT-Johnson_Valley_fault-CFM3,77,Johnson_Valley_fault
78,MJVA-JVFZ-SJVS-Kickapoo_fault-CFM3,78,Kickapoo_fault
79,MJVA-JVHZ-HMSV-Homestead_Valley_fault-CFM3,79,Homestead_Valley_fault
80,MJVA-LCLZ-LDLW-Ludlow_fault-CFM1,80,Ludlow_fault
81,MJVA-LLBM-MULT-Lavic_Lake-North_West_Bullion_fault-CFM2,81,Lavic_Lake-North_West_Bullion_fault
82,MJVA-LWLZ-MULT-Lenwood-Lockhart_fault-CFM5,82,Lenwood-Lockhart_fault
83,MJVA-NEMV-GRLS-Garlic_Springs_fault-CFM1,83,Garlic_Springs_fault
84,MJVA-NEMV-RDPS-Red_Pass_fault-CFM1,84,Red_Pass_fault
85,MJVA-PBMZ-MULT-Pisgah_Bullion_Mesquite_Lake_fault-CFM3,85,Pisgah_Bullion_Mesquite_Lake_fault
86,OCBA-CBFZ-CRBS-Coronado_Bank_east_splay-SRLN-CFM5,86,Coronado_Bank_east_splay-SRLN
87,OCBA-CBFZ-CRBS-Coronado_Bank_fault-north-SRLN-CFM5,87,Coronado_Bank_fault-north-SRLN
88,OCBA-CBFZ-CRBS-Coronado_Bank_fault-south-SRLN-CFM5,88,Coronado_Bank_fault-south-SRLN
89,OCBA-CBFZ-CRBS-Coronado_Bank_west_splay-SRLN-CFM5,89,Coronado_Bank_west_splay-SRLN
90,OCBA-CBKD-CRBS-Coronado_Bank_detachment-upper-SRLN-CFM5,90,Coronado_Bank_detachment-upper-SRLN
91,OCBA-CBKD-OCNS-Coronado_Bank_detachment-upper-SRLN-CFM5,91,Coronado_Bank_detachment-upper-SRLN
92,OCBA-CRFS-RDNC-Redondo_Canyon_fault-ZION-CFM2,92,Redondo_Canyon_fault-ZION
93,OCBA-DSCZ-DSCS-Descanso_fault-SRLN-CFM5,93,Descanso_fault-SRLN
94,OCBA-DSCZ-DSCS-Descanso_fault-east_splay-SRLN-CFM5,94,Descanso_fault-east_splay-SRLN
95,OCBA-DSCZ-DSCS-Descanso_fault-west_splay-SRLN-CFM5,95,Descanso_fault-west_splay-SRLN
96,OCBA-ESCS-ESCB-East_Santa_Cruz_Basin_fault-A-SRLN-CFM5,96,East_Santa_Cruz_Basin_fault-A-SRLN
97,OCBA-ESCS-ESCB-East_Santa_Cruz_Basin_fault-B-SRLN-CFM5,97,East_Santa_Cruz_Basin_fault-B-SRLN
98,OCBA-ESCS-ESCB-East_Santa_Cruz_Basin_fault-D-SRLN-CFM5,98,East_Santa_Cruz_Basin_fault-D-SRLN
99,OCBA-ESCS-ESCB-East_Santa_Cruz_Basin_fault-E-SRLN-CFM5,99,East_Santa_Cruz_Basin_fault-E-SRLN
100,OCBA-ESCS-ESCB-East_Santa_Cruz_Basin_fault-main-SRLN-CFM5,100,East_Santa_Cruz_Basin_fault-main-SRLN
101,OCBA-FRFZ-SRRS-Ferrelo_fault-upper-SRLN-CFM5,101,Ferrelo_fault-upper-SRLN
102,OCBA-IBFS-TMBK-Thirty_Mile_Bank_detachment-upper-RVRO-CFM1,102,Thirty_Mile_Bank_detachment-upper-RVRO
103,OCBA-OCSD-OCNS-Oceanside_detachment-RVRO-CFM1,103,Oceanside_detachment-RVRO
104,OCBA-PVFZ-MULT-Palos_Verdes_fault-CFM2,104,Palos_Verdes_fault
105,OCBA-SCCR-MULT-Santa_Cruz-Catalina_Ridge_fault-CFM5,105,Santa_Cruz-Catalina_Ridge_fault
106,OCBA-SCFZ-CTLB-San_Clemente_fault-splay-CFM5,106,San_Clemente_fault-splay
107,OCBA-SCFZ-SBRI-San_Clemente_fault_strand-CFM5,107,San_Clemente_fault_strand
108,OCBA-SCFZ-SCBR-San_Clemente_fault-LEGG-CFM5,108,San_Clemente_fault-LEGG
109,OCBA-SCFZ-SCLI-San_Clemente_fault-LEGG-CFM5,109,San_Clemente_fault-LEGG
110,OCBA-SDTZ-30MB-San_Diego_Trough_fault-LEGG-CFM5,110,San_Diego_Trough_fault-LEGG
111,OCBA-SDTZ-CTLB-San_Diego_Trough_fault-LEGG-CFM5,111,San_Diego_Trough_fault-LEGG
112,OCBA-SMCS-MULT-San_Mateo-Carlsbad_fault-SRLN-CFM5,112,San_Mateo-Carlsbad_fault-SRLN
113,OCBA-SPBZ-NTHS-San_Pedro_Basin_fault-north-CFM5,113,San_Pedro_Basin_fault-north
114,OCBA-SPBZ-STHS-San_Pedro_Basin_fault-south-LEGG-CFM5,114,San_Pedro_Basin_fault-south-LEGG
115,OCCA-HSFZ-MULT-Hosgri-San_Simeon_fault-CFM1,115,Hosgri-San_Simeon_fault
116,PNRA-ATEV-AGCT-Agua_Caliente_fault_zone-CFM4,116,Agua_Caliente_fault_zone
117,PNRA-ATEV-EQVS-Earthquake_Valley_fault-east-CFM4,117,Earthquake_Valley_fault-east
118,PNRA-ATEV-EQVS-Earthquake_Valley_fault-main-CFM4,118,Earthquake_Valley_fault-main
119,PNRA-ATEV-EQVS-Earthquake_Valley_fault-west-CFM4,119,Earthquake_Valley_fault-west
120,PNRA-ATEV-MRHS-Hot_Springs_fault_CFM4,120,Hot_Springs_fault
121,PNRA-ATEV-MRHS-Murrieta-Hotsprings_fault-CFM4,121,Murrieta-Hotsprings_fault
122,PNRA-CEPS-BLDH-Compton-Los_Alamitos_fault-CFM2,122,Compton-Los_Alamitos_fault
123,PNRA-CEPS-LABS-Anaheim_fault-CFM1,123,Anaheim_fault
124,PNRA-CEPS-LABS-Compton-Los_Alamitos_fault-CFM2,124,Compton-Los_Alamitos_fault
125,PNRA-CEPS-PHLS-Lower_Elysian_Park_fault-CFM1,125,Lower_Elysian_Park_fault
126,PNRA-CRSF-ALCM-Sawtooth_Range_fault-CFM4,126,Sawtooth_Range_fault
127,PNRA-CRSF-CHNH-Yorba_Linda_lineament-CFM2,127,Yorba_Linda_lineament
128,PNRA-CRSF-CYMT-Devils_Canyon_fault-CFM4,128,Devils_Canyon_fault
129,PNRA-CRSF-EMCP-El_Mayor-Cucapah_normal_fault-CFM4,129,El_Mayor-Cucapah_normal_fault
130,PNRA-CRSF-EMCP-El_Mayor-Cucapah_west_fault-CFM4,130,El_Mayor-Cucapah_west_fault
131,PNRA-CRSF-OCOT-Ocotillo_fault-CFM5,131,Ocotillo_fault
132,PNRA-CRSF-OCOT-Ocotillo_set1-CFM4,132,Ocotillo_set1
133,PNRA-CRSF-OCOT-Ocotillo_set2-CFM4,133,Ocotillo_set2
134,PNRA-CRSF-OCOT-Ocotillo_set3-CFM4,134,Ocotillo_set3
135,PNRA-CRSF-OCOT-Ocotillo_set4-CFM4,135,Ocotillo_set4
136,PNRA-CRSF-OCOT-Ocotillo_set5-CFM4,136,Ocotillo_set5
137,PNRA-CRSF-PGWS-Painted_Gorge_Wash_fault-CFM4,137,Painted_Gorge_Wash_fault
138,PNRA-CRSF-USAV-Fontana_Seismicity_lineament-CFM1,138,Fontana_Seismicity_lineament
139,PNRA-CRSF-YUHA-Shell_Beds_fault-CFM5,139,Shell_Beds_fault
140,PNRA-CRSF-YUHA-Yuha_Wash_fault-CFM5,140,Yuha_Wash_fault
141,PNRA-CRSF-YUHA-Yuha_Well-Vista_del_Anza_fault-truncated-CFM5,141,Yuha_Well-Vista_del_Anza_fault-truncated
142,PNRA-CRSF-YUHA-Yuha_Well_fault-CFM5,142,Yuha_Well_fault
143,PNRA-CRSF-YUHA-Yuha_Well_fault-north_set1-CFM5,143,Yuha_Well_fault-north_set1
144,PNRA-CRSF-YUHA-Yuha_Well_fault-northwest-steep-CFM5,144,Yuha_Well_fault-northwest-steep
145,PNRA-CRSF-YUHA-Yuha_Well_fault-west-steep-CFM5,145,Yuha_Well_fault-west-steep
146,PNRA-CRSF-YUHA-Yuha_fault-CFM5,146,Yuha_fault
147,PNRA-CSTL-SJQH-San_Joaquin_Hills_fault-truncated-CFM3,147,San_Joaquin_Hills_fault-truncated
148,PNRA-DVVZ-DVSV-Davies_Valley_fault-CFM5,148,Davies_Valley_fault
149,PNRA-DVVZ-NDVV-Northern_Davies_Valley_set1-CFM4,149,Northern_Davies_Valley_set1
150,PNRA-DVVZ-WDVV-West_Davies_Valley_fault-CFM4,150,West_Davies_Valley_fault
151,PNRA-ELSZ-CHNO-Chino_fault-Central_Ave-CFM4,151,Chino_fault-Central_Ave
152,PNRA-ELSZ-CHNO-Chino_fault-main-CFM4,152,Chino_fault-main
153,PNRA-ELSZ-CYMT-Elsinore_fault-CFM4,153,Elsinore_fault
154,PNRA-ELSZ-GLIV-Glen_Ivy_North_fault-CFM4,154,Glen_Ivy_North_fault
155,PNRA-ELSZ-GLIV-Glen_Ivy_South_fault-CFM4,155,Glen_Ivy_South_fault
156,PNRA-ELSZ-INDV-Indiviso_fault-CFM4,156,Indiviso_fault
157,PNRA-ELSZ-INDV-Indiviso_fault-splay-CFM4,157,Indiviso_fault-splay
158,PNRA-ELSZ-JULN-Elsinore_fault-Wildomar-link-CFM4,158,Elsinore_fault-Wildomar-link
159,PNRA-ELSZ-JULN-Elsinore_fault-north-CFM4,159,Elsinore_fault-north
160,PNRA-ELSZ-JULN-Elsinore_fault-south-CFM4,160,Elsinore_fault-south
161,PNRA-ELSZ-LGSD-Laguna_Salada_fault-east_branch-dipping-CFM5,161,Laguna_Salada_fault-east_branch-dipping
162,PNRA-ELSZ-LGSD-Laguna_Salada_fault-east_branch-dipping-splay-CFM5,162,Laguna_Salada_fault-east_branch-dipping-splay
163,PNRA-ELSZ-LGSD-Laguna_Salada_fault-north-CFM5,163,Laguna_Salada_fault-north
164,PNRA-ELSZ-LGSD-Laguna_Salada_fault-south-CFM5,164,Laguna_Salada_fault-south
165,PNRA-ELSZ-LGSD-Laguna_Salada_fault-west_branch-center-CFM5,165,Laguna_Salada_fault-west_branch-center
166,PNRA-ELSZ-LGSD-Laguna_Salada_fault-west_branch-deep_splay-CFM5,166,Laguna_Salada_fault-west_branch-deep_splay
167,PNRA-ELSZ-LGSD-Laguna_Salada_fault-west_branch-east-CFM5,167,Laguna_Salada_fault-west_branch-east
168,PNRA-ELSZ-LGSD-Laguna_Salada_fault-west_branch-west-CFM5,168,Laguna_Salada_fault-west_branch-west
169,PNRA-ELSZ-SRCP-Borrego_fault-CFM4,169,Borrego_fault
170,PNRA-ELSZ-SRCP-Paso_Inferior_fault-CFM4,170,Paso_Inferior_fault
171,PNRA-ELSZ-SRCP-Paso_Superior_fault-CFM4,171,Paso_Superior_fault
172,PNRA-ELSZ-SRCP-Pescadores_fault-CFM4,172,Pescadores_fault
173,PNRA-ELSZ-SRCP-Sierra_Cucapah_fault-CFM4,173,Sierra_Cucapah_fault
174,PNRA-ELSZ-TMCL-Wildomar_fault-CFM4,174,Wildomar_fault
175,PNRA-ELSZ-TMCL-Willard_fault-CFM4,175,Willard_fault
176,PNRA-ELSZ-WHIT-East_Montebello_fault-CFM3,176,East_Montebello_fault
177,PNRA-ELSZ-WHIT-Whittier_Heights_fault-CFM1,177,Whittier_Heights_fault
178,PNRA-ELSZ-WHIT-Whittier_fault-CFM4,178,Whittier_fault
179,PNRA-ELSZ-WHIT-Workman_Hill_fault-CFM1,179,Workman_Hill_fault
180,PNRA-ELSZ-YUHA-Sierra_Cucapah_fault-NW_splay-CFM5,180,Sierra_Cucapah_fault-NW_splay
181,PNRA-ELSZ-YUHA-Sierra_Cucapah_fault-blind-north-CFM5,181,Sierra_Cucapah_fault-blind-north
182,PNRA-NIRC-LABS-Newport-Inglewood_fault-split-CFM2,182,Newport-Inglewood_fault-split
183,PNRA-NIRC-OCNS-Newport-Inglewood_fault-RC_link-CFM2,183,Newport-Inglewood_fault-RC_link
184,PNRA-NIRC-OFFS-Newport-Inglewood_fault-CFM2,184,Newport-Inglewood_fault
185,PNRA-NIRC-RSCN-Rose_Canyon_fault-CFM2,185,Rose_Canyon_fault
186,PNRA-SJFZ-ANZA-Buck_Ridge_fault-CFM4,186,Buck_Ridge_fault
187,PNRA-SJFZ-ANZA-Clark_fault-north-CFM4,187,Clark_fault-north
188,PNRA-SJFZ-ANZA-Clark_fault-south-east-CFM4,188,Clark_fault-south-east
189,PNRA-SJFZ-ANZA-Clark_fault-south-main-CFM4,189,Clark_fault-south-main
190,PNRA-SJFZ-ANZA-Clark_fault-south-west-CFM4,190,Clark_fault-south-west
191,PNRA-SJFZ-ANZA-Clark_fault-south-west-link-CFM4,191,Clark_fault-south-west-link
192,PNRA-SJFZ-ANZA-Hot_Springs-Buck_Ridge_link-CFM4,192,Hot_Springs-Buck_Ridge_link
193,PNRA-SJFZ-BRMT-Coyote_Creek_blind_fault-northeast-CFM4,193,Coyote_Creek_blind_fault-northeast
194,PNRA-SJFZ-BRMT-Coyote_Creek_fault-CFM4,194,Coyote_Creek_fault
195,PNRA-SJFZ-CYTC-Coyote_Creek_fault-CFM4,195,Coyote_Creek_fault
196,PNRA-SJFZ-CYTC-Coyote_Creek_fault-center-east_splay-CFM4,196,Coyote_Creek_fault-center-east_splay
197,PNRA-SJFZ-IMPV-Dixieland_fault-CFM5,197,Dixieland_fault
198,PNRA-SJFZ-IMPV-Weinert_El_Centro_fault-CFM5,198,Weinert_El_Centro_fault
199,PNRA-SJFZ-IMPV-Weinert_Superstition_Hills_link-CFM5,199,Weinert_Superstition_Hills_link
200,PNRA-SJFZ-SBRN-Glen_Helen_fault-CFM4,200,Glen_Helen_fault
201,PNRA-SJFZ-SBRN-Loma_Linda_fault-CFM4,201,Loma_Linda_fault
202,PNRA-SJFZ-SBRN-Lytle_Creek_fault-CFM4,202,Lytle_Creek_fault
203,PNRA-SJFZ-SBRN-Rialto-Colton_fault-CFM4,203,Rialto-Colton_fault
204,PNRA-SJFZ-SBRN-San_Jacinto-Claremont_fault-CFM4,204,San_Jacinto-Claremont_fault
205,PNRA-SJFZ-SJCV-Casa_Loma_fault-CFM4,205,Casa_Loma_fault
206,PNRA-SJFZ-SJCV-Claremont_fault-CFM4,206,Claremont_fault
207,PNRA-SJFZ-SJCV-Hot_Springs_fault-CFM4,207,Hot_Springs_fault
208,PNRA-SJFZ-SJCV-Hot_Springs_fault-west-CFM4,208,Hot_Springs_fault-west
209,PNRA-SJFZ-SJCV-San_Jacinto-Claremont_fault-east-CFM4,209,San_Jacinto-Claremont_fault-east
210,PNRA-SJFZ-SSHS-Superstition_Hills_fault-CFM4,210,Superstition_Hills_fault
211,PNRA-SJFZ-SSMT-Superstition_Mountain_fault-CFM4,211,Superstition_Mountain_fault
212,PNRA-SJFZ-SSMT-West_Mesa_fault-CFM5,212,West_Mesa_fault
213,SAFS-MHFZ-LSBM-Berdoo_Canyon_fault-CFM4,213,Berdoo_Canyon_fault
214,SAFS-MHFZ-LSBM-Indio_Hills_fault-CFM4,214,Indio_Hills_fault
215,SAFS-MHFZ-MCHS-Hidden_Springs_fault-CFM4,215,Hidden_Springs_fault
216,SAFS-MHFZ-MCHS-Mecca_Hills_fault-CFM4,216,Mecca_Hills_fault
217,SAFS-MHFZ-MCHS-Painted_Canyon_fault-CFM4,217,Painted_Canyon_fault
218,SAFS-MHFZ-MULT-Mecca_Hills-Hidden_Springs_fault-deep-CFM4,218,Mecca_Hills-Hidden_Springs_fault-deep
219,SAFS-SAFZ-BSZS-Southern_San_Andreas_blind_extension-CFM4,219,Southern_San_Andreas_blind_extension
220,SAFS-SAFZ-CLCZ-San_Andreas_fault-CHLM-CFM4,220,San_Andreas_fault-CHLM
221,SAFS-SAFZ-CLCZ-San_Andreas_fault-CRRZ-CFM4,221,San_Andreas_fault-CRRZ
222,SAFS-SAFZ-COAV-Mission_Creek_fault_strand-CFM4,222,Mission_Creek_fault_strand
223,SAFS-SAFZ-COAV-North_Palm_Springs_fault-CFM4,223,North_Palm_Springs_fault
224,SAFS-SAFZ-COAV-Southern_San_Andreas_fault-CFM4,224,Southern_San_Andreas_fault
225,SAFS-SAFZ-MJVS-San_Andreas_fault-CFM4,225,San_Andreas_fault
226,SAFS-SAFZ-MULT-Banning_fault_strand-CFM4,226,Banning_fault_strand
227,SAFS-SAFZ-MULT-Garnet_Hill_fault_strand-CFM4,227,Garnet_Hill_fault_strand
228,SAFS-SAFZ-PARK-San_Andreas_fault-CFM4,228,San_Andreas_fault
229,SAFS-SAFZ-SBMT-Mill_Creek_fault_strand-CFM4,229,Mill_Creek_fault_strand
230,SAFS-SAFZ-SBMT-Mission_Creek_fault_strand-steep-CFM4,230,Mission_Creek_fault_strand-steep
231,SAFS-SAFZ-SBMT-San_Andreas_fault-CFM4,231,San_Andreas_fault
232,SAFS-SGPR-CHFZ-Casa_Blanca_fault-CFM5,232,Casa_Blanca_fault
233,SAFS-SGPR-CHFZ-Chicken_Hill_fault-CFM5,233,Chicken_Hill_fault
234,SAFS-SGPR-CHFZ-Live_Oak_Canyon_fault-CFM5,234,Live_Oak_Canyon_fault
235,SAFS-SGPR-CHFZ-Redlands_fault-CFM5,235,Redlands_fault
236,SAFS-SGPR-CHFZ-Reservoir_Canyon_fault-CFM5,236,Reservoir_Canyon_fault
237,SAFS-SGPR-CHFZ-Western_Heights_fault-CFM5,237,Western_Heights_fault
238,SAFS-SGPR-DTMT-San_Gorgonio_Pass_deep_detachment-CFM5,238,San_Gorgonio_Pass_deep_detachment
239,SAFS-SGPR-DTMT-San_Gorgonio_Pass_midcrust_detachment-CFM5,239,San_Gorgonio_Pass_midcrust_detachment
240,SAFS-SGPR-SBRN-Del_Rosa_cross_fault-CFM5,240,Del_Rosa_cross_fault
241,SAFS-SGPR-SBRN-San_Bernardino_cross_fault-CFM5,241,San_Bernardino_cross_fault
242,SAFS-SGPR-SGPS-San_Gorgonio_Pass_thrust-CFM4,242,San_Gorgonio_Pass_thrust
243,SAFS-SGPR-SJMT-Palm_Springs_blind_fault-CFM4,243,Palm_Springs_blind_fault
244,SAFS-SGPR-SJMT-Potatochip1_blind_fault-CFM5,244,Potatochip1_blind_fault
245,SAFS-SGPR-SJMT-Potatochip2_blind_fault-CFM5,245,Potatochip2_blind_fault
246,SAFS-SGPR-SJMT-Potatochip4_blind_fault-CFM5,246,Potatochip4_blind_fault
247,SAFS-SGPR-SJMT-Potatochip5_blind_fault-CFM5,247,Potatochip5_blind_fault
248,SALT-BRSZ-BRFZ-Brawley_fault-CFM5,248,Brawley_fault
249,SALT-CPFZ-CRPR-Cierro_Prieto_fault-CFM1,249,Cierro_Prieto_fault
250,SALT-CRSF-IMPV-Elmore_Ranch_fault-CFM1,250,Elmore_Ranch_fault
251,SALT-CRSF-IMPV-Extra_fault-CFM3,251,Extra_fault
252,SALT-CRSF-IMPV-Westmorland_fault-main-CFM4,252,Westmorland_fault-main
253,SALT-CRSF-IMPV-Westmorland_fault-splay-CFM4,253,Westmorland_fault-splay
254,SALT-IMFZ-IMPV-Imperial_fault-Edip-Nend-CFM5,254,Imperial_fault-Edip-Nend
255,SALT-IMFZ-IMPV-Imperial_fault-east-strand-south-CFM5,255,Imperial_fault-east-strand-south
256,SALT-IMFZ-IMPV-Imperial_fault-east_strand-north-CFM5,256,Imperial_fault-east_strand-north
257,SALT-IMFZ-IMPV-Imperial_fault-north_end-CFM5,257,Imperial_fault-north_end
258,SNFA-AHTC-ASHH-Ash_Hill_fault-CFM2,258,Ash_Hill_fault
259,SNFA-AHTC-TANK-Tank_Canyon_fault-CFM2,259,Tank_Canyon_fault
260,SNFA-HMFZ-MULT-Hunter_Mountain_fault-CFM1,260,Hunter_Mountain_fault
261,SNFA-LLFZ-CNTR-Little_Lake_fault-CFM1,261,Little_Lake_fault
262,SNFA-OWFZ-1872-Owens_Valley_fault_rupture-CFM1,262,Owens_Valley_fault_rupture
263,SNFA-PMVZ-MULT-Panamint_Valley_fault-steep-CFM2,263,Panamint_Valley_fault-steep
264,SNFA-SNFZ-INDP-Independance_fault-CFM1,264,Independance_fault
265,SNFA-SNFZ-MULT-Independance-Sierra_Nevada_fault-CFM1,265,Independance-Sierra_Nevada_fault
266,WTRA-MRFS-MULT-Mission_Ridge-Arroyo_Parida_fault-dip-CFM5,266,Mission_Ridge-Arroyo_Parida_fault-dip
267,WTRA-NCVS-MULT-Southern_San_Cayetano-Ventura-Pitas_Point_fault-ramp_flat-HBRD-CFM5,267,Southern_San_Cayetano-Ventura-Pitas_Point_fault-ramp_flat
268,WTRA-NCVS-MULT-Southern_San_Cayetano-Ventura-Pitas_Point_fault-steep-JHAP-CFM5,268,Southern_San_Cayetano-Ventura-Pitas_Point_fault-steep
269,WTRA-NCVS-NCPP-North_Channel_fault-SRLN-CFM5,269,North_Channel_fault-SRLN
270,WTRA-NCVS-PPTV-Pitas_Point_fault-CFM5,270,Pitas_Point_fault
271,WTRA-NCVS-PPTV-Pitas_Point_fault-HBRD-CFM5,271,Pitas_Point_fault-HBRD
272,WTRA-NCVS-PPTV-Ventura-Pitas_Point_fault-link-CFM5,272,Ventura-Pitas_Point_fault-link
273,WTRA-NCVS-RDMT-Red_Mountain_fault-east-CFM5,273,Red_Mountain_fault-east
274,WTRA-NCVS-VNTB-Ventura_fault-CFM5,274,Ventura_fault
275,WTRA-ORFZ-OFFS-Mid-Channel_fault-SRLN-CFM4,275,Mid-Channel_fault-SRLN
276,WTRA-ORFZ-OFFS-Oak_Ridge_fault-MRSH-CFM5,276,Oak_Ridge_fault-MRSH
277,WTRA-ORFZ-SFNV-Northridge-Frew_fault-CFM2,277,Northridge-Frew_fault
278,WTRA-ORFZ-VNTB-Oak_Ridge_fault-MRSH-CFM5,278,Oak_Ridge_fault-MRSH
279,WTRA-PHTS-COYT-Puente_Hills_Thrust_fault-CFM2,279,Puente_Hills_Thrust_fault
280,WTRA-PHTS-LABS-Las_Cienagas_fault-truncated-CFM1,280,Las_Cienagas_fault-truncated
281,WTRA-PHTS-LABS-Puente_Hills_thrust_fault-CFM1,281,Puente_Hills_thrust_fault
282,WTRA-PHTS-LABS-San_Vicente_fault-CFM1,282,San_Vicente_fault
283,WTRA-PHTS-LABS-Upper_Elysian_Park_fault-CFM1,283,Upper_Elysian_Park_fault
284,WTRA-PHTS-PRTH-Peralta_Hills_fault-CFM1,284,Peralta_Hills_fault
285,WTRA-PHTS-RICH-Puente_Hills_thrust_fault-CFM2,285,Puente_Hills_thrust_fault
286,WTRA-PHTS-STFS-Puente_Hills_thrust_fault-CFM2,286,Puente_Hills_thrust_fault
287,WTRA-SBTS-ANCP-Anacapa-Dume_fault-CFM3,287,Anacapa-Dume_fault
288,WTRA-SBTS-MULT-Channel_Islands_thrust_fault-SHAW-CFM1,288,Channel_Islands_thrust_fault-SHAW
289,WTRA-SBTS-SMNB-Santa_Monica_Bay_fault-CFM3,289,Santa_Monica_Bay_fault
290,WTRA-SCFZ-MULT-San_Cayetano_fault-60dip-CFM5,290,San_Cayetano_fault-60dip
291,WTRA-SCFZ-SCVA-Del_Valle_fault-CFM1,291,Del_Valle_fault
292,WTRA-SCFZ-SCVA-Holser_fault-CFM1,292,Holser_fault
293,WTRA-SFFS-ANCP-Malibu_Coast_fault-west-steep-alt2-CFM5,293,Malibu_Coast_fault-west-steep-alt2
294,WTRA-SFFS-LABS-Hollywood_fault-CFM5,294,Hollywood_fault
295,WTRA-SFFS-LABS-North_Salt_Lake_blind_fault-CFM3,295,North_Salt_Lake_blind_fault
296,WTRA-SFFS-SGVS-Raymond_fault-extended-CFM5,296,Raymond_fault-extended
297,WTRA-SFFS-SMMT-Malibu_Coast_fault-east-steep-alt2-CFM5,297,Malibu_Coast_fault-east-steep-alt2
298,WTRA-SFFS-SMMT-Santa_Monica_fault-steep-CFM5,298,Santa_Monica_fault-steep
299,WTRA-SFFS-SNCZ-Santa_Cruz_Island_fault-CFM5,299,Santa_Cruz_Island_fault
300,WTRA-SFFS-SNRS-Santa_Rosa_Island_fault-CFM5,300,Santa_Rosa_Island_fault
301,WTRA-SFNS-MSNH-Mission_Hills_fault-CFM4,301,Mission_Hills_fault
302,WTRA-SFNS-SFNV-Northridge_Hills_fault-truncated-CFM3,302,Northridge_Hills_fault-truncated
303,WTRA-SFNS-SFNV-San_Fernando_fault-CFM4,303,San_Fernando_fault
304,WTRA-SFNS-VRDM-Eagle_Rock_fault-steep-CFM5,304,Eagle_Rock_fault-steep
305,WTRA-SFNS-VRDM-Verdugo_fault-steep-CFM5,305,Verdugo_fault-steep
306,WTRA-SGFZ-BTJG-San_Gabriel_splay-CFM4,306,San_Gabriel_splay
307,WTRA-SGFZ-MULT-Southern_San_Gabriel_fault-CFM4,307,Southern_San_Gabriel_fault
308,WTRA-SGFZ-PLMS-Northern_San_Gabriel_fault-CFM4,308,Northern_San_Gabriel_fault
309,WTRA-SGMF-SANC-San_Antonio_Canyon_fault-CFM4,309,San_Antonio_Canyon_fault
310,WTRA-SLCZ-SPMT-Lion_Canyon_fault-HBRD-CFM5,310,Lion_Canyon_fault-HBRD
311,WTRA-SMFZ-CCMG-Cucamonga_fault-CFM4,311,Cucamonga_fault
312,WTRA-SMFZ-CSPC-Clamshell_Sawpit_Canyon_fault-CFM4,312,Clamshell_Sawpit_Canyon_fault
313,WTRA-SMFZ-MULT-Sierra_Madre_fault-west-CFM4,313,Sierra_Madre_fault-west
314,WTRA-SMFZ-SMCC-Sierra_Madre_fault-low-dip-CFM4,314,Sierra_Madre_fault-low-dip
315,WTRA-SMFZ-SMDD-Sierra_Madre_fault-low-dip-CFM4,315,Sierra_Madre_fault-low-dip
316,WTRA-SMFZ-SMDE-Sierra_Madre-Cucamonga_connector-CFM4,316,Sierra_Madre-Cucamonga_connector
317,WTRA-SMFZ-SMDE-Sierra_Madre_fault-low-dip-CFM4,317,Sierra_Madre_fault-low-dip
318,WTRA-SSFZ-MULT-Santa_Susana_fault-CFM1,318,Santa_Susana_fault
319,WTRA-SSRZ-MULT-Simi-Santa_Rosa_fault-listric-CFM5,319,Simi-Santa_Rosa_fault-listric
320,WTRA-SSRZ-OXNP-Bailey_fault-steep-CFM5,320,Bailey_fault-steep
321,WTRA-SYFZ-MULT-Santa_Ynez_fault-60dip-CFM5,321,Santa_Ynez_fault-60dip
322,WTRA-USAV-INDH-Indian_Hill_fault-CFM5,322,Indian_Hill_fault
323,WTRA-USAV-SNJH-San_Jose_fault-CFM5,323,San_Jose_fault
324,WTRA-USAV-UPLD-Upland_fault-dipslip-CFM1,324,Upland_fault-dipslip
325,WTRA-USAV-WLNC-Walnut_Creek_fault-CFM5,325,Walnut_Creek_fault
326,SNFA-ALFZ-COSO-Airport_Lake_fault-CFM5,326,Airport_Lake_fault
327,SNFA-LLFZ-EAST-Eastern_Little_Lake_fault_00-CFM5,326,Eastern_Little_Lake_fault
328,SNFA-LLFZ-SOUT-Southern_Little_Lake_fault_00-CFM5,327,Southern_Little_Lake_fault
